college_id,fiscal_year,total_enrollment_est,state_appropriation_usd,federal_research_grants_usd,endowment_payout_usd,net_tuition_revenue_usd,scholarship_awarded_usd,scholarship_budget_usd
C01,2018,465,0,222000,0,7717000,896000,1092000
C01,2019,411,0,185000,0,6685000,1131000,1442000
C01,2020,502,0,118000,0,8486000,1223000,1529000
C01,2021,393,0,109000,0,6756000,1143000,1267000
C01,2022,421,0,79000,0,7599000,964000,1205000
C01,2023,562,0,134000,0,10511000,1401000,1771000
C01,2024,543,0,247000,0,10173000,1867000,1966000
C01,2025,523,0,74000,0,10448000,1501000,1859000
C02,2018,188,94000,468000,1569000,4957000,1841000,2064000
C02,2019,186,89000,423000,1020000,5353000,1704000,2106000
C02,2020,171,55000,310000,1109000,4727000,1954000,2264000
C02,2021,216,71000,337000,2284000,5997000,2545000,3067000
C02,2022,165,85000,305000,1796000,4674000,2170000,2556000
C02,2023,187,146000,419000,907000,5614000,2353000,2873000
C02,2024,194,84000,334000,2268000,6016000,2508000,3192000
C02,2025,224,111000,781000,2392000,7104000,2946000,3584000
C03,2018,490,4013000,1110000,578000,5621000,1145000,1282000
C03,2019,535,4577000,1365000,1006000,6855000,1641000,1943000
C03,2020,471,4134000,379000,598000,6413000,1445000,1797000
C03,2021,599,4624000,1130000,724000,7475000,1811000,2322000
C03,2022,538,4402000,568000,354000,6347000,1836000,2372000
C03,2023,542,4619000,1357000,271000,7590000,1745000,2164000
C03,2024,670,5468000,1471000,1308000,9497000,2346000,2930000
C03,2025,649,5338000,1163000,1182000,9644000,2404000,2945000
C04,2018,224,0,46000,0,3253000,497000,586000
C04,2019,305,0,89000,0,4237000,1021000,1072000
C04,2020,253,0,44000,0,4016000,427000,467000
C04,2021,253,0,56000,0,4179000,567000,703000
C04,2022,332,0,122000,0,5334000,879000,1053000
C04,2023,342,0,75000,0,5735000,974000,1218000
C04,2024,272,0,70000,0,4677000,806000,976000
C04,2025,301,0,140000,0,5634000,611000,778000
C05,2018,616,0,277000,0,9892000,1529000,1802000
C05,2019,769,0,214000,0,12515000,1996000,2506000
C05,2020,760,0,303000,0,13318000,1751000,1846000
C05,2021,710,0,265000,0,12341000,2111000,2647000
C05,2022,788,0,161000,0,13873000,2634000,3291000
C05,2023,849,0,267000,0,15870000,2614000,2845000
C05,2024,864,0,281000,0,16600000,2683000,2926000
C05,2025,945,0,224000,0,18990000,2737000,3542000
C06,2018,245,143000,844000,2028000,5575000,2034000,2257000
C06,2019,249,86000,708000,2439000,5184000,2663000,2883000
C06,2020,179,56000,609000,1547000,3845000,2005000,2231000
C06,2021,254,80000,721000,1185000,6632000,2070000,2566000
C06,2022,254,183000,691000,2631000,6370000,2720000,3367000
C06,2023,208,91000,661000,1713000,5497000,1969000,2532000
C06,2024,232,117000,781000,2723000,6132000,2550000,2981000
C06,2025,270,220000,508000,2926000,7509000,2864000,3559000
C07,2018,477,3303000,1146000,1121000,5862000,1491000,1600000
C07,2019,454,3033000,1041000,252000,6354000,1122000,1314000
C07,2020,518,3879000,1048000,1059000,7063000,1766000,1926000
C07,2021,487,3471000,427000,1153000,7255000,1438000,1575000
C07,2022,531,4391000,1384000,388000,7872000,1706000,1969000
C07,2023,513,5092000,933000,912000,7247000,1582000,1800000
C07,2024,679,5470000,1840000,1474000,10158000,2072000,2459000
C07,2025,654,6774000,762000,699000,10675000,1983000,2562000
C08,2018,265,232000,898000,2426000,6863000,3098000,3556000
C08,2019,262,143000,756000,1061000,7525000,2622000,3078000
C08,2020,342,227000,846000,2480000,10175000,3530000,4182000
C08,2021,439,133000,1004000,2614000,12582000,5488000,6837000
C08,2022,380,203000,1096000,3454000,12234000,3876000,4143000
C08,2023,339,206000,866000,1472000,10648000,4158000,4508000
C08,2024,406,286000,1013000,2067000,12729000,5584000,7219000
C08,2025,446,197000,1442000,2615000,15174000,5604000,7272000
C09,2018,303,0,95000,0,3728000,569000,614000
C09,2019,315,0,78000,0,3707000,876000,1104000
C09,2020,378,0,146000,0,4820000,970000,1022000
C09,2021,388,0,43000,0,5545000,616000,701000
C09,2022,406,0,52000,0,5743000,958000,1180000
C09,2023,309,0,71000,0,4452000,675000,738000
C09,2024,379,0,52000,0,5547000,1110000,1360000
C09,2025,354,0,155000,0,5574000,898000,953000
C10,2018,452,3726000,369000,750000,4791000,1175000,1438000
C10,2019,587,5028000,827000,840000,7350000,1417000,1810000
C10,2020,627,4495000,651000,571000,7991000,1667000,1837000
C10,2021,553,4540000,803000,474000,7675000,1532000,1853000
C10,2022,619,4886000,757000,665000,8957000,1817000,2082000
C10,2023,589,4570000,626000,447000,7775000,1751000,2113000
C10,2024,612,5701000,1000000,1143000,8285000,1644000,1746000
C10,2025,522,4608000,471000,939000,7203000,2108000,2484000
C11,2018,415,287000,1093000,3289000,11754000,4689000,5457000
C11,2019,421,296000,917000,4364000,12355000,4973000,6089000
C11,2020,333,161000,850000,2931000,9745000,4366000,5126000
C11,2021,307,212000,877000,1139000,9789000,3635000,4439000
C11,2022,408,236000,1272000,2747000,13483000,4948000,5444000
C11,2023,369,122000,1290000,1172000,12165000,4937000,5310000
C11,2024,351,263000,535000,2473000,12242000,4554000,5808000
C11,2025,423,215000,1096000,4423000,14466000,6647000,7402000
C12,2018,113,53000,285000,347000,2706000,948000,1183000
C12,2019,131,44000,350000,897000,2848000,1439000,1640000
C12,2020,140,91000,327000,673000,3528000,1312000,1390000
C12,2021,126,65000,293000,850000,3257000,1254000,1368000
C12,2022,121,52000,275000,852000,3207000,1215000,1564000
C12,2023,105,68000,362000,693000,2723000,1199000,1335000
C12,2024,150,114000,399000,1200000,4388000,1405000,1511000
C12,2025,142,77000,274000,1129000,4083000,1699000,2177000
C13,2018,392,3037000,737000,920000,3976000,1058000,1167000
C13,2019,341,3290000,291000,437000,3840000,954000,1062000
C13,2020,442,4123000,401000,686000,5796000,1259000,1575000
C13,2021,449,4481000,1121000,706000,6068000,1048000,1194000
C13,2022,480,3871000,1267000,1148000,6598000,1465000,1621000
C13,2023,462,4310000,1142000,798000,6128000,1402000,1478000
C13,2024,581,5406000,1115000,383000,7760000,2175000,2379000
C13,2025,436,4099000,1064000,890000,5425000,1420000,1728000
C14,2018,330,2415000,740000,749000,4191000,878000,983000
C14,2019,268,2161000,602000,566000,3040000,1070000,1288000
C14,2020,335,3091000,571000,179000,4238000,1300000,1637000
C14,2021,383,2733000,464000,210000,5248000,1101000,1278000
C14,2022,416,3249000,761000,573000,5846000,1279000,1391000
C14,2023,351,3019000,749000,820000,4589000,1116000,1181000
C14,2024,416,3808000,722000,1035000,5952000,1451000,1880000
C14,2025,342,3178000,877000,270000,5234000,1332000,1491000
C15,2018,398,182000,613000,3452000,9794000,3930000,4506000
C15,2019,401,354000,1075000,1352000,9968000,4182000,4625000
C15,2020,304,110000,576000,1899000,7651000,3401000,3898000
C15,2021,284,101000,899000,875000,7524000,3100000,3962000
C15,2022,350,133000,900000,1471000,9352000,4140000,5100000
C15,2023,421,368000,906000,2204000,11789000,5057000,5657000
C15,2024,473,301000,1432000,4853000,13725000,5638000,7329000
C15,2025,577,287000,1368000,6293000,16814000,7554000,9151000
C16,2018,221,1537000,239000,305000,2585000,571000,666000
C16,2019,238,1614000,658000,280000,2912000,759000,958000
C16,2020,243,1948000,430000,272000,3015000,899000,969000
C16,2021,275,2277000,448000,149000,3276000,796000,982000
C16,2022,300,2893000,500000,673000,3915000,1070000,1272000
C16,2023,319,3053000,346000,541000,4654000,870000,922000
C16,2024,322,2472000,596000,180000,4903000,1160000,1299000
C16,2025,302,3138000,612000,165000,4386000,1016000,1263000
C17,2018,327,2905000,297000,764000,3779000,972000,1181000
C17,2019,227,1667000,496000,550000,3258000,731000,869000
C17,2020,213,1881000,432000,158000,3128000,610000,733000
C17,2021,282,2410000,368000,167000,3868000,830000,972000
C17,2022,349,3188000,865000,551000,5269000,1206000,1453000
C17,2023,281,2719000,316000,550000,4458000,978000,1269000
C17,2024,301,2413000,438000,751000,4941000,976000,1166000
C17,2025,373,4034000,343000,848000,6393000,1501000,1723000
C18,2018,322,141000,799000,2538000,8647000,3719000,3933000
C18,2019,364,260000,867000,3177000,9981000,4459000,5696000
C18,2020,327,285000,632000,2791000,9876000,3491000,4159000
C18,2021,369,327000,1020000,1227000,11151000,4493000,5041000
C18,2022,332,215000,694000,2114000,9924000,4530000,5000000
C18,2023,378,219000,1022000,4149000,12104000,4776000,5873000
C18,2024,326,276000,1036000,3432000,10818000,4287000,5225000
C18,2025,395,131000,1020000,2325000,13265000,5412000,6982000
C19,2018,307,175000,967000,2863000,6733000,2924000,3088000
C19,2019,256,107000,594000,2560000,6129000,2264000,2678000
C19,2020,255,152000,649000,2335000,6144000,2316000,2950000
C19,2021,347,191000,814000,3002000,8605000,3464000,4458000
C19,2022,447,365000,1058000,3352000,11283000,4717000,5537000
C19,2023,308,259000,545000,3026000,8245000,3153000,3794000
C19,2024,359,184000,983000,2786000,9791000,3766000,4558000
C19,2025,392,233000,1231000,1217000,11119000,4192000,4890000
C20,2018,280,224000,493000,1054000,6694000,2614000,2849000
C20,2019,370,197000,1015000,2011000,9183000,3305000,4102000
C20,2020,327,185000,981000,3072000,8249000,3200000,3835000
C20,2021,339,298000,1063000,3426000,8908000,3445000,3877000
C20,2022,342,130000,1017000,1667000,9070000,3730000,4834000
C20,2023,329,289000,500000,3279000,8901000,3834000,4377000
C20,2024,290,209000,636000,2957000,8213000,3309000,4279000
C20,2025,339,140000,975000,1565000,9655000,4256000,4807000
C21,2018,76,67000,213000,702000,2335000,849000,1026000
C21,2019,96,81000,313000,472000,3036000,1176000,1462000
C21,2020,107,56000,276000,877000,3093000,1693000,1874000
C21,2021,51,23000,169000,346000,1649000,678000,754000
C21,2022,104,78000,214000,665000,3575000,1401000,1812000
C21,2023,89,48000,205000,820000,3153000,1215000,1441000
C21,2024,95,74000,322000,728000,3064000,1685000,2038000
C21,2025,86,69000,289000,596000,3440000,1004000,1246000
C22,2018,409,3257000,405000,669000,5056000,1181000,1421000
C22,2019,392,2630000,324000,779000,5571000,1226000,1353000
C22,2020,280,2543000,279000,566000,3883000,810000,969000
C22,2021,416,4072000,941000,837000,5842000,1220000,1400000
C22,2022,431,3357000,711000,1036000,5823000,1559000,1782000
C22,2023,474,4008000,797000,960000,7690000,1728000,2074000
C22,2024,368,3254000,561000,434000,5412000,1319000,1697000
C22,2025,457,3762000,801000,236000,7276000,1645000,2132000
C23,2018,150,46000,285000,1468000,4144000,1370000,1540000
C23,2019,124,37000,380000,936000,3140000,1620000,1878000
C23,2020,111,51000,324000,626000,3068000,1284000,1628000
C23,2021,143,114000,218000,1185000,3941000,1842000,1936000
C23,2022,122,70000,269000,456000,3469000,1613000,1983000
C23,2023,129,74000,272000,503000,4097000,1544000,1818000
C23,2024,132,112000,443000,699000,4297000,1461000,1709000
C23,2025,175,139000,521000,1327000,5447000,2542000,2694000
C24,2018,211,0,38000,0,3205000,413000,441000
C24,2019,218,0,87000,0,3256000,625000,752000
C24,2020,159,0,46000,0,2354000,477000,608000
C24,2021,276,0,35000,0,4521000,593000,697000
C24,2022,181,0,68000,0,2744000,766000,969000
C24,2023,244,0,73000,0,4352000,544000,605000
C24,2024,224,0,81000,0,3925000,741000,873000
C24,2025,269,0,102000,0,4964000,819000,1059000
C25,2018,530,3825000,608000,1232000,7243000,1528000,1842000
C25,2019,485,4472000,889000,869000,6448000,1516000,1797000
C25,2020,477,4596000,1083000,1151000,6821000,1532000,1802000
C25,2021,477,3781000,786000,802000,7015000,1942000,2155000
C25,2022,525,4992000,620000,996000,7996000,2103000,2250000
C25,2023,648,4769000,1504000,461000,10336000,2476000,3169000
C25,2024,627,5380000,1537000,820000,10375000,2410000,2983000
C25,2025,597,5919000,1215000,484000,10209000,2500000,3199000
C26,2018,309,2080000,392000,222000,3364000,733000,826000
C26,2019,264,1876000,451000,230000,3057000,647000,741000
C26,2020,328,2441000,586000,319000,3693000,979000,1124000
C26,2021,293,2257000,612000,249000,3225000,1284000,1458000
C26,2022,376,2687000,574000,360000,5005000,1426000,1772000
C26,2023,294,2161000,576000,312000,4201000,947000,1024000
C26,2024,281,2988000,304000,528000,3982000,1181000,1408000
C26,2025,420,3800000,1029000,423000,6416000,1883000,2126000
C27,2018,290,0,85000,0,4351000,492000,607000
C27,2019,307,0,140000,0,4716000,704000,825000
C27,2020,235,0,97000,0,3597000,602000,636000
C27,2021,346,0,144000,0,5555000,836000,973000
C27,2022,424,0,150000,0,6786000,1266000,1420000
C27,2023,311,0,116000,0,5103000,967000,1198000
C27,2024,372,0,117000,0,6471000,1012000,1195000
C27,2025,361,0,98000,0,6452000,1172000,1452000
C28,2018,107,759000,212000,262000,1512000,308000,344000
C28,2019,147,1111000,200000,116000,2024000,492000,531000
C28,2020,173,1357000,194000,430000,2050000,622000,782000
C28,2021,144,1026000,252000,300000,2066000,526000,608000
C28,2022,127,952000,348000,278000,1601000,464000,498000
C28,2023,135,1104000,344000,68000,2020000,410000,496000
C28,2024,150,1352000,354000,194000,1990000,546000,591000
C28,2025,140,1392000,269000,176000,2338000,480000,507000
C29,2018,636,388000,1775000,2561000,16779000,6897000,7377000
C29,2019,634,284000,1860000,3263000,16979000,7146000,8567000
C29,2020,587,448000,1721000,4982000,16947000,6400000,7073000
C29,2021,851,497000,1667000,9476000,24961000,9727000,10854000
C29,2022,730,258000,1183000,5876000,22032000,8650000,10109000
C29,2023,755,611000,1808000,8690000,23374000,9361000,10325000
C29,2024,789,322000,2722000,7208000,24918000,10075000,12085000
C29,2025,796,682000,2123000,6755000,25543000,11073000,11794000
C30,2018,149,1236000,279000,271000,1809000,432000,498000
C30,2019,182,1583000,202000,264000,2438000,711000,847000
C30,2020,191,1876000,479000,361000,2915000,690000,882000
C30,2021,195,1663000,333000,341000,3164000,602000,713000
C30,2022,138,1043000,249000,200000,2056000,666000,704000
C30,2023,199,1862000,313000,408000,3174000,783000,872000
C30,2024,178,1614000,247000,208000,2984000,936000,1178000
C30,2025,238,1905000,237000,308000,4212000,796000,942000
